{
    "overall_qwk": 0.930397196542784,
    "fold_qwk": [
        0.9296248025961927,
        0.9311769998321126
    ]
}