{
    "overall_auc": 0.7927381457613228,
    "fold_auc": [
        0.7903707842407754,
        0.7951821795793347
    ]
}