{
    "cv_score": 0.9997049958487941,
    "fold_scores": [
        0.9997397245079351,
        0.9996528561262216,
        0.9996238289678215,
        0.9998554851813349,
        0.9996529294039933
    ]
}