{
    "cv_score": 0.9991146872697139,
    "fold_scores": [
        0.999102790084065,
        0.9988434361212132,
        0.9993345957065352,
        0.9990445023328042,
        0.9992481441821757
    ],
    "runtime": 425.97946214675903
}