{
    "cv_qwk": 0.9305375873909727,
    "fold_qwk": [
        0.930262771921088,
        0.9308149376003336
    ]
}