{
    "optimal_qwk": 0.9312128115983087,
    "weights": {
        "lgb": 0.2540158719388144,
        "cb": 0.25147836114375455,
        "xgb": 0.25043985692000065,
        "mlp": 0.24406590999743039
    }
}