{
    "lgb_qwk": 0.9305375873909727,
    "cb_qwk": 0.9260773932832285,
    "ens_qwk": 0.9310224268720865
}