{
    "cv_auc": 0.792672423325405,
    "cv_logloss": 0.49595933887370414,
    "fold_auc": [
        0.7901218428466332,
        0.795350382831008
    ]
}