{
    "coverage": 0.2962125,
    "error_rate": 0.047643161581634806
}