{
    "cv_score": 0.9906602404525873,
    "blended_cv_score": 0.9943256142447044,
    "fold_scores": [
        0.9903565693445915,
        0.9898054023153795,
        0.990845112051528,
        0.9910404056110526,
        0.9912531739028128
    ],
    "runtime": 109.26806092262268
}