{
    "lgb_qwk": 0.930397196542784,
    "cb_qwk": 0.9288286601797636,
    "ens_qwk": 0.9316584803789155
}