{
    "auc_intrinsic": 0.8532559718710536,
    "auc_calibrated": 0.67582178433118
}