{
    "cv_score": 0.9947212094958571,
    "fold_scores": [
        0.9942369307526541,
        0.9939747941305921,
        0.9951317968211937,
        0.9946591269019314,
        0.9956024390363067
    ],
    "runtime": 625.2989771366119
}