{
    "overall_qwk": 0.9260773932832285,
    "fold_qwk": [
        0.9252374889654773,
        0.9269226733195749
    ]
}