{
    "overall_qwk": 0.9136244568870568,
    "fold_qwk": [
        0.9125240388227795,
        0.9147260164873807
    ]
}