{
    "overall_qwk": 0.9284508740460441,
    "fold_qwk": [
        0.9278667430991141,
        0.9290393227778778
    ]
}