{
    "cv_score": 0.9992942498751296,
    "fold_scores": [
        0.9991896884849988,
        0.9991039619608151,
        0.9994503181923552,
        0.9991608034803158,
        0.999566374273321
    ],
    "runtime": 18274.713139533997
}