{
    "orig_elderly_ut": 0.07550916732092551,
    "mitigated_elderly_ut": 0.005126310441971089,
    "orig_global_acc": 0.85585,
    "mitig_global_acc": 0.6980625
}