{
    "cv_auc": 0.7925819782688204,
    "cv_logloss": 0.4964161333553795,
    "fold_auc": [
        0.7900946077925951,
        0.7953428211736318
    ]
}