{
    "lgb_auc": 0.792672423325405,
    "cb_auc": 0.7927381457613228,
    "ens_auc": 0.7932878884317239
}