{
    "lgb_qwk": 0.930397196542784,
    "cb_qwk": 0.9288286601797636,
    "mlp_qwk": 0.9136244568870568,
    "ens_qwk": 0.9318377433677065
}