{
    "orig_global_acc": 0.85585,
    "mitig_global_acc": 0.8096375,
    "mitig_global_ut": 0.0477625,
    "group_log": {
        "age_group": {
            "middle_aged": {
                "orig_ut": 0.0793144250421313,
                "orig_acc": 0.8573989745060777,
                "shift": 0.4081632653061224,
                "new_ut": 0.04808347377102083,
                "new_acc": 0.8105346193839865
            },
            "elderly": {
                "orig_ut": 0.07550916732092551,
                "orig_acc": 0.8546159885466217,
                "shift": 0.39795918367346933,
                "new_ut": 0.04978524915716067,
                "new_acc": 0.8152219092042673
            },
            "young_adult": {
                "orig_ut": 0.08066881783514226,
                "orig_acc": 0.8531617986003436,
                "shift": 0.4081632653061224,
                "new_ut": 0.04944893768595734,
                "new_acc": 0.80761010769811
            },
            "pediatric": {
                "orig_ut": 0.07217589082638362,
                "orig_acc": 0.8630780894617134,
                "shift": 0.3877551020408163,
                "new_ut": 0.0488248673237301,
                "new_acc": 0.8313874147081122
            }
        },
        "sex": {
            "M": {
                "orig_ut": 0.07833576255465748,
                "orig_acc": 0.8561282628859149,
                "shift": 0.0,
                "new_ut": 0.04889360010600238,
                "new_acc": 0.8156618523916788
            },
            "F": {
                "orig_ut": 0.07714618607303106,
                "orig_acc": 0.8561937579017824,
                "shift": 0.0,
                "new_ut": 0.048538635067800394,
                "new_acc": 0.8105555417833858
            },
            "Other": {
                "orig_ut": 0.09345794392523364,
                "orig_acc": 0.8431983385254413,
                "shift": 0.04081632653061224,
                "new_ut": 0.04776739356178609,
                "new_acc": 0.764797507788162
            }
        },
        "language": {
            "Finnish": {
                "orig_ut": 0.07678887025875743,
                "orig_acc": 0.8585670911315539,
                "shift": 0.0,
                "new_ut": 0.04835274391625504,
                "new_acc": 0.8131146055195541
            },
            "Russian": {
                "orig_ut": 0.07839627707177375,
                "orig_acc": 0.8519778056201898,
                "shift": 0.0,
                "new_ut": 0.04617862896008591,
                "new_acc": 0.8115267585466261
            },
            "English": {
                "orig_ut": 0.08063310069790629,
                "orig_acc": 0.8505732801595214,
                "shift": 0.01020408163265306,
                "new_ut": 0.048728813559322036,
                "new_acc": 0.7984795613160518
            },
            "Arabic": {
                "orig_ut": 0.08975659229208925,
                "orig_acc": 0.8397565922920892,
                "shift": 0.02040816326530612,
                "new_ut": 0.048174442190669374,
                "new_acc": 0.7877789046653144
            },
            "Estonian": {
                "orig_ut": 0.07431041580897489,
                "orig_acc": 0.8589954713874022,
                "shift": 0.0,
                "new_ut": 0.044256895841910254,
                "new_acc": 0.8126801152737753
            },
            "Somali": {
                "orig_ut": 0.07697160883280757,
                "orig_acc": 0.8596214511041009,
                "shift": 0.01020408163265306,
                "new_ut": 0.04889589905362776,
                "new_acc": 0.8141955835962145
            },
            "Swedish": {
                "orig_ut": 0.0796516231195566,
                "orig_acc": 0.8554235946159937,
                "shift": 0.0,
                "new_ut": 0.04703087885985748,
                "new_acc": 0.8069675376088677
            },
            "Other": {
                "orig_ut": 0.07862903225806452,
                "orig_acc": 0.8515625,
                "shift": 0.0,
                "new_ut": 0.04561491935483871,
                "new_acc": 0.8094758064516129
            }
        }
    }
}