{
    "overall_qwk": 0.9162312880083997,
    "fold_qwk": [
        0.9167344864141951,
        0.9157197385428296
    ]
}