{
    "cv_score": 0.9986339105595933,
    "fold_scores": [
        0.998667957165209,
        0.9983514700787264,
        0.9987549319804502,
        0.9986681620311757,
        0.9987272646116124
    ],
    "runtime": 548.5615355968475
}