{
    "overall_qwk": 0.9288286601797636,
    "fold_qwk": [
        0.9276287529243548,
        0.9300353968004256
    ]
}